Country,Bet365,Betfred,BetVictor,William Hill,Implied Probability Bet365,Implied Probability Betfred,Implied Probability BetVictor,Implied Probability William Hill,True Probability Bet365,True Probability Betfred,True Probability BetVictor,True Probability William Hill,True Average Probability
Brazil,4/1,4/1,7/2,4/1,20.0,20.0,22.22222222222222,20.0,16.933059759730046,18.17769636658322,18.485188216962083,16.365071004348998,17.490253836906085
Argentina,11/2,11/2,5/1,11/2,15.384615384615385,15.384615384615385,16.666666666666664,15.384615384615385,13.025430584407726,13.982843358910168,13.863891162721561,12.588516157191536,13.365170315807747
France,6/1,7/1,7/1,13/2,14.285714285714285,12.5,12.5,13.333333333333334,12.095042685521461,11.36106022911451,10.397918372041172,10.910047336232665,11.191017155727451
England,8/1,9/1,7/1,7/1,11.11111111111111,10.0,12.5,12.5,9.407255422072247,9.08884818329161,10.397918372041172,10.228169377718125,9.780547838780787
Spain,17/2,9/1,8/1,8/1,10.526315789473683,10.0,11.11111111111111,11.11111111111111,8.91213671564739,9.08884818329161,9.242594108481041,9.091706113527222,9.083821280236815
Germany,10/1,11/1,11/1,10/1,9.090909090909092,8.333333333333332,8.333333333333332,9.090909090909092,7.69684534533184,7.574040152743006,6.931945581360781,7.438668638340455,7.41037492944402
Netherlands,12/1,14/1,12/1,14/1,7.6923076923076925,6.666666666666667,7.6923076923076925,6.666666666666667,6.512715292203863,6.059232122194405,6.3987189981791825,5.455023668116333,6.106422520173446
Portugal,14/1,14/1,14/1,12/1,6.666666666666667,6.666666666666667,6.666666666666667,7.6923076923076925,5.644353253243349,6.059232122194405,5.545556465088626,6.294258078595768,5.885849979780537
Belgium,16/1,18/1,16/1,16/1,5.88235294117647,5.263157894736842,5.88235294117647,5.88235294117647,4.980311694038249,4.783604306995583,4.893138057431139,4.813256177749705,4.867577559053669
Denmark,28/1,28/1,28/1,28/1,3.4482758620689653,3.4482758620689653,3.4482758620689653,3.4482758620689653,2.9194930620224215,3.134085580445382,2.8683912750458402,2.821563966267069,2.935883470945178
Uruguay,50/1,50/1,50/1,50/1,1.9607843137254901,1.9607843137254901,1.9607843137254901,1.9607843137254901,1.6601038980127496,1.7821270947630603,1.6310460191437133,1.6044187259165683,1.669423934459023
Croatia,50/1,50/1,50/1,50/1,1.9607843137254901,1.9607843137254901,1.9607843137254901,1.9607843137254901,1.6601038980127496,1.7821270947630603,1.6310460191437133,1.6044187259165683,1.669423934459023
Switzerland,100/1,100/1,100/1,80/1,0.9900990099009901,0.9900990099009901,0.9900990099009901,1.2345679012345678,0.8382702851351507,0.8998859587417434,0.8235974948151423,1.0101895681696913,0.8929858267154319
Serbia,80/1,100/1,100/1,66/1,1.2345679012345678,0.9900990099009901,0.9900990099009901,1.4925373134328357,1.045250602452472,0.8998859587417434,0.8235974948151423,1.2212739555484324,0.9975020028894475
Senegal,125/1,125/1,80/1,80/1,0.7936507936507936,0.7936507936507936,1.2345679012345678,1.2345679012345678,0.6719468158623034,0.7213371574040959,1.026954900942338,1.0101895681696913,0.8576071105946071
Mexico,150/1,200/1,200/1,100/1,0.6622516556291391,0.4975124378109453,0.4975124378109453,0.9900990099009901,0.5606973430374188,0.4521815016562989,0.4138474973946735,0.8101520299182673,0.5592195930016647
USA,150/1,150/1,150/1,100/1,0.6622516556291391,0.6622516556291391,0.6622516556291391,0.9900990099009901,0.5606973430374188,0.6019104757146762,0.5508830925584727,0.8101520299182673,0.6309107353072088
Poland,150/1,200/1,200/1,100/1,0.6622516556291391,0.4975124378109453,0.4975124378109453,0.9900990099009901,0.5606973430374188,0.4521815016562989,0.4138474973946735,0.8101520299182673,0.5592195930016647
Ecuador,150/1,250/1,250/1,150/1,0.6622516556291391,0.398406374501992,0.398406374501992,0.6622516556291391,0.5606973430374188,0.3621055053104226,0.33140775687780627,0.5418897683559272,0.44902509339539376
Wales,200/1,250/1,200/1,100/1,0.4975124378109453,0.398406374501992,0.4975124378109453,0.9900990099009901,0.4212203920330857,0.3621055053104226,0.4138474973946735,0.8101520299182673,0.5018313561641123
Morocco,200/1,300/1,250/1,200/1,0.4975124378109453,0.33222591362126247,0.398406374501992,0.4975124378109453,0.4212203920330857,0.30195508914590063,0.33140775687780627,0.4070913185161442,0.3654186391432342
Japan,250/1,300/1,150/1,250/1,0.398406374501992,0.33222591362126247,0.6622516556291391,0.398406374501992,0.337311947404981,0.30195508914590063,0.5508830925584727,0.32599743036551787,0.3790368898687181
South Korea,250/1,350/1,300/1,250/1,0.398406374501992,0.2849002849002849,0.33222591362126247,0.398406374501992,0.337311947404981,0.2589415436835216,0.2763566344728551,0.32599743036551787,0.2996518889817189
Cameroon,250/1,400/1,400/1,250/1,0.398406374501992,0.24937655860349126,0.24937655860349126,0.398406374501992,0.337311947404981,0.22665456816188548,0.20743976802077146,0.32599743036551787,0.2743509284882889
Ghana,250/1,400/1,400/1,150/1,0.398406374501992,0.24937655860349126,0.24937655860349126,0.6622516556291391,0.337311947404981,0.22665456816188548,0.20743976802077146,0.5418897683559272,0.32832401298589126
Qatar,250/1,500/1,400/1,250/1,0.398406374501992,0.19960079840319359,0.24937655860349126,0.398406374501992,0.337311947404981,0.18141413539504206,0.20743976802077146,0.32599743036551787,0.26304082029657805
Canada,200/1,500/1,250/1,150/1,0.4975124378109453,0.19960079840319359,0.398406374501992,0.6622516556291391,0.4212203920330857,0.18141413539504206,0.33140775687780627,0.5418897683559272,0.3689830131654653
Australia,350/1,500/1,300/1,400/1,0.2849002849002849,0.19960079840319359,0.33222591362126247,0.24937655860349126,0.241211677489032,0.18141413539504206,0.2763566344728551,0.20405325441831668,0.22575892544381143
Iran,500/1,500/1,500/1,500/1,0.19960079840319359,0.19960079840319359,0.19960079840319359,0.19960079840319359,0.16899261237255533,0.18141413539504206,0.16603462470325223,0.16332406191965065,0.16994135859762508
Tunisia,500/1,750/1,500/1,300/1,0.19960079840319359,0.13315579227696406,0.19960079840319359,0.33222591362126247,0.16899261237255533,0.12102327807312395,0.16603462470325223,0.2718450332948339,0.18197388711094137
Saudi Arabia,750/1,750/1,750/1,500/1,0.13315579227696406,0.13315579227696406,0.13315579227696406,0.19960079840319359,0.11273674939900165,0.12102327807312395,0.1107634447088274,0.16332406191965065,0.12696188352515092
Costa Rica,750/1,1000/1,1000/1,500/1,0.13315579227696406,0.0999000999000999,0.0999000999000999,0.19960079840319359,0.11273674939900165,0.09079768414876732,0.08310024672959977,0.16332406191965065,0.11248968554925484
